{"pd": [0.4512861371040344, 0.18523532152175903, 0.3285447359085083, 0.31846553087234497, 0.47267821431159973, 0.16526468098163605, 0.231450617313385, 0.6029959321022034, 0.4002620577812195, 0.31056126952171326, 0.12780077755451202, 0.7657781839370728, 0.22066780924797058, 0.10281454026699066, 0.537540853023529, 0.4198073148727417, 0.1594245880842209, 0.12430226057767868, 0.09233317524194717, 0.06542772799730301, 0.11564502865076065, 0.6157124042510986, 0.1553531289100647, 0.21225814521312714, 0.3565141558647156, 0.5425390005111694, 0.20612187683582306, 0.5377948880195618, 0.2800788879394531, 0.27172738313674927, 0.2627428472042084, 0.5883506536483765, 0.32568034529685974, 0.8459286093711853, 0.15942928194999695, 0.14339788258075714, 0.4756690561771393, 0.24966050684452057, 0.29103079438209534, 0.18669071793556213, 0.7397893667221069, 0.15505142509937286, 0.15843406319618225, 0.16267794370651245, 0.2134028822183609, 0.9766386151313782, 0.5655468702316284, 0.7254318594932556, 0.10472309589385986, 0.11116146296262741, 2.570103883743286, 0.6767719388008118, 0.6859092116355896, 0.3307252824306488, 0.2580908536911011, 0.61187344789505, 0.10270927846431732, 0.055955253541469574, 0.6375908851623535, 0.3971387445926666, 0.639590859413147, 0.5205909013748169, 0.646869421005249, 0.3500244617462158, 1.157240390777588, 0.4791933000087738, 0.193281888961792, 0.09886017441749573, 0.2070283442735672, 0.19717919826507568, 0.4539281129837036, 1.508724331855774, 0.08962646126747131, 0.5782161951065063, 0.10372264683246613, 0.2615881562232971, 0.3638838827610016, 0.33671897649765015, 0.1290787160396576, 0.299706369638443, 0.37964558601379395, 0.3082570731639862, 0.18438369035720825, 0.044285595417022705, 0.19096896052360535, 0.3557729423046112, 0.2920667827129364, 0.3890942931175232, 0.45484107732772827, 0.015740500763058662, 0.07241509109735489, 0.34512752294540405, 0.588045597076416, 0.0521065928041935, 0.0677015408873558, 0.199367955327034, 1.682705044746399, 0.17789462208747864, 0.283521443605423], "qd": [0.23891618847846985, 0.08335589617490768, 0.08424223959445953, 0.09798939526081085, 0.1999792456626892, 0.01739628240466118, 0.0, 0.19812723994255066, 0.08516214042901993, 0.1461464762687683, 0.009128627367317677, 0.2552593946456909, 0.08826712518930435, 0.02804032899439335, 0.30460646748542786, 0.23322628438472748, 0.026570763438940048, 0.07102986425161362, 0.04616658762097359, 0.028040453791618347, 0.0, 0.11273607611656189, 0.06396894156932831, 0.03537635877728462, 0.22385771572589874, 0.21149826049804688, 0.08065638691186905, 0.23699437081813812, 0.07638514786958694, 0.1490117907524109, 0.10704337805509567, 0.20503129065036774, 0.08802171051502228, 0.2026703953742981, 0.06200027838349342, 0.07169894129037857, 0.1974475383758545, 0.08916446566581726, 0.0, 0.10267989337444305, 0.2550997734069824, 0.036482688039541245, 0.07455720752477646, 0.04518831893801689, 0.10206224769353867, 0.27657023072242737, 0.1974925547838211, 0.15544968843460083, 0.026180773973464966, 0.027790365740656853, 1.0484539270401, 0.026029689237475395, 0.12471076846122742, 0.15264242887496948, 0.06452271342277527, 0.18541619181632996, 0.0, 0.0, 0.25316110253334045, 0.09294736385345459, 0.33860692381858826, 0.23895977437496185, 0.23688176274299622, 0.28719955682754517, 0.23144808411598206, 0.2395966500043869, 0.096640944480896, 0.0629110187292099, 0.12939271330833435, 0.0938948541879654, 0.09456835687160492, 0.3887510597705841, 0.0, 0.0889563336968422, 0.06050487980246544, 0.13951367139816284, 0.26858094334602356, 0.13291539251804352, 0.07744722813367844, 0.07051914930343628, 0.0, 0.1499629020690918, 0.12571614980697632, 0.026571355760097504, 0.13284796476364136, 0.23406115174293518, 0.24495922029018402, 0.1447792649269104, 0.1091618612408638, 0.007870250381529331, 0.027155660092830658, 0.26548272371292114, 0.11242048442363739, 0.0, 0.025388076901435852, 0.06343525648117065, 0.0, 0.07115785032510757, 0.12887337803840637]}