{"pd": [0.21226027607917786, 0.9332587718963623, 0.47909680008888245, 0.07507378607988358, 0.109894759953022, 0.3010086417198181, 0.08805984258651733, 0.03397849202156067, 0.058415595442056656, 0.1299821138381958, 0.14367854595184326], "qd": [0.12422606348991394, 0.18823690712451935, -0.03908948972821236, 0.01580500788986683, 0.0735902413725853, 0.16938112676143646, 0.056749675422906876, 0.01747465319931507, 0.015322122722864151, 0.05584416911005974, 0.04821427911520004]}