Property,Network,min_perc,max_perc,random_perc
1,14_ieee,0.9999,1.0001,0.00001
2,14_ieee,0.9999,1.0001,0.00001
3,14_ieee,0.95,1.05,0.001
1,118_ieee,0.9999,1.0001,0.00001
2,118_ieee,0.9999,1.0001,0.00001
3,118_ieee,0.95,1.05,0.001
1,300_ieee,0.9999,1.0001,0.00001
2,300_ieee,0.9999,1.0001,0.00001
3,300_ieee,0.95,1.05,0.001
